,Company Name,Industry,Symbol,Series,ISIN Code,MarketCap
0,360 ONE WAM Ltd.,Financial Services,360ONE.NS,EQ,INE466L01038,184488951808.0
1,3M India Ltd.,Diversified,3MINDIA.NS,EQ,INE470A01017,315599650816.0
2,ABB India Ltd.,Capital Goods,ABB.NS,EQ,INE117A01022,911340208128.0
3,ACC Ltd.,Construction Materials,ACC.NS,EQ,INE012A01025,331828658176.0
4,AIA Engineering Ltd.,Capital Goods,AIAENG.NS,EQ,INE212H01026,331314528256.0
5,APL Apollo Tubes Ltd.,Capital Goods,APLAPOLLO.NS,EQ,INE702C01027,395141218304.0
6,AU Small Finance Bank Ltd.,Financial Services,AUBANK.NS,EQ,INE949L01017,511800573952.0
7,Aarti Drugs Ltd.,Healthcare,AARTIDRUGS.NS,EQ,INE767A01016,47319048192.0
8,Aarti Industries Ltd.,Chemicals,AARTIIND.NS,EQ,INE769A01020,170521886720.0
9,Aavas Financiers Ltd.,Financial Services,AAVAS.NS,EQ,INE216P01012,124528336896.0
10,Abbott India Ltd.,Healthcare,ABBOTINDIA.NS,EQ,INE358A01014,496848437248.0
11,Adani Enterprises Ltd.,Metals & Mining,ADANIENT.NS,EQ,INE423A01024,2754992668672.0
12,Adani Green Energy Ltd.,Power,ADANIGREEN.NS,EQ,INE364U01010,1577060663296.0
13,Adani Ports and Special Economic Zone Ltd.,Services,ADANIPORTS.NS,EQ,INE742F01042,1573554094080.0
14,Adani Power Ltd.,Power,ADANIPOWER.NS,EQ,INE814H01011,932415275008.0
15,Adani Total Gas Ltd.,Oil Gas & Consumable Fuels,ATGL.NS,EQ,INE399L01023,699699167232.0
16,Adani Transmission Ltd.,Power,ADANITRANS.NS,EQ,INE931S01010,864726286336.0
17,Adani Wilmar Ltd.,Fast Moving Consumer Goods,AWL.NS,EQ,INE699H01024,519677050880.0
18,Aditya Birla Capital Ltd.,Financial Services,ABCAPITAL.NS,EQ,INE674K01013,482368389120.0
19,Aditya Birla Fashion and Retail Ltd.,Consumer Services,ABFRL.NS,EQ,INE647O01011,202202497024.0
20,Aegis Logistics Ltd.,Oil Gas & Consumable Fuels,AEGISCHEM.NS,EQ,INE208C01025,126308384768.0
21,Aether Industries Ltd.,Chemicals,AETHER.NS,EQ,INE0BWX01014,141409746944.0
22,Affle (India) Ltd.,Information Technology,AFFLE.NS,EQ,INE00WC01027,139560058880.0
23,Ajanta Pharmaceuticals Ltd.,Healthcare,AJANTPHARM.NS,EQ,INE031B01049,177841717248.0
24,Alembic Pharmaceuticals Ltd.,Healthcare,APLLTD.NS,EQ,INE901L01018,136128864256.0
25,Alkem Laboratories Ltd.,Healthcare,ALKEM.NS,EQ,INE540L01014,442504085504.0
26,Alkyl Amines Chemicals Ltd.,Chemicals,ALKYLAMINE.NS,EQ,INE150B01039,124467462144.0
27,Amara Raja Batteries Ltd.,Automobile and Auto Components,AMARAJABAT.NS,EQ,INE885A01032,106612310016.0
28,Amber Enterprises India Ltd.,Consumer Durables,AMBER.NS,EQ,INE371P01015,75157192704.0
29,Ambuja Cements Ltd.,Construction Materials,AMBUJACEM.NS,EQ,INE079A01024,826324680704.0
30,Angel One Ltd.,Financial Services,ANGELONE.NS,EQ,INE732I01013,136140488704.0
31,Anupam Rasayan India Ltd.,Chemicals,ANURAS.NS,EQ,INE930P01018,105435316224.0
32,Apar Industries Ltd.,Capital Goods,APARINDS.NS,EQ,INE372A01015,141348896768.0
33,Apollo Hospitals Enterprise Ltd.,Healthcare,APOLLOHOSP.NS,EQ,INE437A01024,748386516992.0
34,Apollo Tyres Ltd.,Automobile and Auto Components,APOLLOTYRE.NS,EQ,INE438A01022,268313985024.0
35,Aptus Value Housing Finance India Ltd.,Financial Services,APTUS.NS,EQ,INE852O01025,135717396480.0
36,Archean Chemical Industries Ltd.,Chemicals,ACI.NS,EQ,INE128X01021,65217974272.0
37,Asahi India Glass Ltd.,Automobile and Auto Components,ASAHIINDIA.NS,EQ,INE439A01020,136021008384.0
38,Ashok Leyland Ltd.,Capital Goods,ASHOKLEY.NS,EQ,INE208A01029,537032163328.0
39,Asian Paints Ltd.,Consumer Durables,ASIANPAINT.NS,EQ,INE021A01026,3423939067904.0
40,Aster DM Healthcare Ltd.,Healthcare,ASTERDM.NS,EQ,INE914M01019,152151343104.0
41,Astral Ltd.,Capital Goods,ASTRAL.NS,EQ,INE006I01046,516393172992.0
42,Atul Ltd.,Chemicals,ATUL.NS,EQ,INE100A01010,207014215680.0
43,Aurobindo Pharma Ltd.,Healthcare,AUROPHARMA.NS,EQ,INE406A01037,456768749568.0
44,Avanti Feeds Ltd.,Fast Moving Consumer Goods,AVANTIFEED.NS,EQ,INE871C01038,54927212544.0
45,Avenue Supermarts Ltd.,Consumer Services,DMART.NS,EQ,INE192R01011,2391899111424.0
46,Axis Bank Ltd.,Financial Services,AXISBANK.NS,EQ,INE238A01034,2992575086592.0
47,BASF India Ltd.,Chemicals,BASF.NS,EQ,INE373A01013,113153613824.0
48,BEML Ltd.,Capital Goods,BEML.NS,EQ,INE258A01016,70083526656.0
49,BLS International Services Ltd.,Consumer Services,BLS.NS,EQ,INE153T01027,89024692224.0
50,BSE Ltd.,Financial Services,BSE.NS,EQ,INE118H01025,99780444160.0
51,Bajaj Auto Ltd.,Automobile and Auto Components,BAJAJ-AUTO.NS,EQ,INE917I01010,1375935004672.0
52,Bajaj Finance Ltd.,Financial Services,BAJFINANCE.NS,EQ,INE296A01024,4594252382208.0
53,Bajaj Finserv Ltd.,Financial Services,BAJAJFINSV.NS,EQ,INE918I01026,2600836005888.0
54,Bajaj Holdings & Investment Ltd.,Financial Services,BAJAJHLDNG.NS,EQ,INE118A01012,825400819712.0
55,Balaji Amines Ltd.,Chemicals,BALAMINES.NS,EQ,INE050E01027,71069949952.0
56,Balkrishna Industries Ltd.,Automobile and Auto Components,BALKRISIND.NS,EQ,INE787D01026,467034505216.0
57,Balrampur Chini Mills Ltd.,Fast Moving Consumer Goods,BALRAMCHIN.NS,EQ,INE119A01028,79025086464.0
58,Bandhan Bank Ltd.,Financial Services,BANDHANBNK.NS,EQ,INE545U01014,351250317312.0
59,Bank of Baroda,Financial Services,BANKBARODA.NS,EQ,INE028A01039,1016689328128.0
60,Bank of India,Financial Services,BANKINDIA.NS,EQ,INE084A01016,346837843968.0
61,Bank of Maharashtra,Financial Services,MAHABANK.NS,EQ,INE457A01014,242536923136.0
62,Bata India Ltd.,Consumer Durables,BATAINDIA.NS,EQ,INE176A01028,216421416960.0
63,Bayer Cropscience Ltd.,Chemicals,BAYERCROP.NS,EQ,INE462A01022,207241494528.0
64,Berger Paints India Ltd.,Consumer Durables,BERGEPAINT.NS,EQ,INE463A01038,671347900416.0
65,Bharat Dynamics Ltd.,Capital Goods,BDL.NS,EQ,INE171Z01018,216079122432.0
66,Bharat Electronics Ltd.,Capital Goods,BEL.NS,EQ,INE263A01024,913357012992.0
67,Bharat Forge Ltd.,Capital Goods,BHARATFORG.NS,EQ,INE465A01025,398537785344.0
68,Bharat Heavy Electricals Ltd.,Capital Goods,BHEL.NS,EQ,INE257A01026,335529803776.0
69,Bharat Petroleum Corporation Ltd.,Oil Gas & Consumable Fuels,BPCL.NS,EQ,INE029A01011,847417507840.0
70,Bharti Airtel Ltd.,Telecommunication,BHARTIARTL.NS,EQ,INE397D01024,5143735042048.0
71,Bikaji Foods International Ltd.,Fast Moving Consumer Goods,BIKAJI.NS,EQ,INE00E101023,115486220288.0
72,Biocon Ltd.,Healthcare,BIOCON.NS,EQ,INE376G01013,317318037504.0
73,Birla Corporation Ltd.,Construction Materials,BIRLACORPN.NS,EQ,INE340A01012,92333203456.0
74,Birlasoft Ltd.,Information Technology,BSOFT.NS,EQ,INE836A01035,106187309056.0
75,Blue Dart Express Ltd.,Services,BLUEDART.NS,EQ,INE233B01017,171627462656.0
76,Blue Star Ltd.,Consumer Durables,BLUESTARCO.NS,EQ,INE472A01039,152243535872.0
77,Bombay Burmah Trading Corporation Ltd.,Fast Moving Consumer Goods,BBTC.NS,EQ,INE050A01025,76724559872.0
78,Borosil Renewables Ltd.,Capital Goods,BORORENEW.NS,EQ,INE666D01022,65573593088.0
79,Bosch Ltd.,Automobile and Auto Components,BOSCHLTD.NS,EQ,INE323A01026,563727826944.0
80,Brigade Enterprises Ltd.,Realty,BRIGADE.NS,EQ,INE791I01019,132625195008.0
81,Brightcom Group Ltd.,Information Technology,BCG.NS,EQ,INE425B01027,53389856768.0
82,Britannia Industries Ltd.,Fast Moving Consumer Goods,BRITANNIA.NS,EQ,INE216A01030,1215660818432.0
83,C.E. Info Systems Ltd.,Information Technology,MAPMYINDIA.NS,EQ,INE0BV301023,78028169216.0
84,CCL Products (I) Ltd.,Fast Moving Consumer Goods,CCL.NS,EQ,INE421D01022,83481722880.0
85,CESC Ltd.,Power,CESC.NS,EQ,INE486A01021,99351470080.0
86,CG Power and Industrial Solutions Ltd.,Capital Goods,CGPOWER.NS,EQ,INE067A01029,623186149376.0
87,CIE Automotive India Ltd.,Automobile and Auto Components,CIEINDIA.NS,EQ,INE536H01010,186684030976.0
88,CRISIL Ltd.,Financial Services,CRISIL.NS,EQ,INE007A01025,285344759808.0
89,CSB Bank Ltd.,Financial Services,CSBBANK.NS,EQ,INE679A01013,50441056256.0
90,Campus Activewear Ltd.,Consumer Durables,CAMPUS.NS,EQ,INE278Y01022,94301241344.0
91,Can Fin Homes Ltd.,Financial Services,CANFINHOME.NS,EQ,INE477A01020,111583363072.0
92,Canara Bank,Financial Services,CANBK.NS,EQ,INE476A01014,613448089600.0
93,Capri Global Capital Ltd.,Financial Services,CGCL.NS,EQ,INE180C01026,165596135424.0
94,Carborundum Universal Ltd.,Capital Goods,CARBORUNIV.NS,EQ,INE120A01034,229471993856.0
95,Castrol India Ltd.,Oil Gas & Consumable Fuels,CASTROLIND.NS,EQ,INE172A01027,132987445248.0
96,Ceat Ltd.,Automobile and Auto Components,CEATLTD.NS,EQ,INE482A01020,98269470720.0
97,Central Bank of India,Financial Services,CENTRALBK.NS,EQ,INE483A01010,270411268096.0
98,Central Depository Services (India) Ltd.,Financial Services,CDSL.NS,EQ,INE736A01011,124025823232.0
99,Century Plyboards (India) Ltd.,Consumer Durables,CENTURYPLY.NS,EQ,INE348B01021,150376873984.0
100,Century Textile & Industries Ltd.,Forest Materials,CENTURYTEX.NS,EQ,INE055A01016,106747568128.0
101,Cera Sanitaryware Ltd,Consumer Durables,CERA.NS,EQ,INE739E01017,98914639872.0
102,Chalet Hotels Ltd.,Consumer Services,CHALET.NS,EQ,INE427F01016,94065467392.0
103,Chambal Fertilizers & Chemicals Ltd.,Chemicals,CHAMBLFERT.NS,EQ,INE085A01013,111772655616.0
104,Chemplast Sanmar Ltd.,Chemicals,CHEMPLASTS.NS,EQ,INE488A01050,68161220608.0
105,Cholamandalam Financial Holdings Ltd.,Financial Services,CHOLAHLDNG.NS,EQ,INE149A01033,174199799808.0
106,Cholamandalam Investment and Finance Company Ltd.,Financial Services,CHOLAFIN.NS,EQ,INE121A01024,933109432320.0
107,Cipla Ltd.,Healthcare,CIPLA.NS,EQ,INE059A01026,846737571840.0
108,City Union Bank Ltd.,Financial Services,CUB.NS,EQ,INE491A01021,97213972480.0
109,Clean Science and Technology Ltd.,Chemicals,CLEAN.NS,EQ,INE227W01023,139884888064.0
110,Coal India Ltd.,Oil Gas & Consumable Fuels,COALINDIA.NS,EQ,INE522F01014,1411269787648.0
111,Cochin Shipyard Ltd.,Capital Goods,COCHINSHIP.NS,EQ,INE704P01017,87763492864.0
112,Coforge Ltd.,Information Technology,COFORGE.NS,EQ,INE591G01017,283518599168.0
113,Colgate Palmolive (India) Ltd.,Fast Moving Consumer Goods,COLPAL.NS,EQ,INE259A01022,498523111424.0
114,Computer Age Management Services Ltd.,Financial Services,CAMS.NS,EQ,INE596I01012,112508723200.0
115,Container Corporation of India Ltd.,Services,CONCOR.NS,EQ,INE111A01025,411212546048.0
116,Coromandel International Ltd.,Chemicals,COROMANDEL.NS,EQ,INE169A01031,288591511552.0
117,Craftsman Automation Ltd.,Automobile and Auto Components,CRAFTSMAN.NS,EQ,INE00LO01017,95918137344.0
118,CreditAccess Grameen Ltd.,Financial Services,CREDITACC.NS,EQ,INE741K01010,209075044352.0
119,Crompton Greaves Consumer Electricals Ltd.,Consumer Durables,CROMPTON.NS,EQ,INE299U01018,186050641920.0
120,Cummins India Ltd.,Capital Goods,CUMMINSIND.NS,EQ,INE298A01020,525570375680.0
121,Cyient Ltd.,Information Technology,CYIENT.NS,EQ,INE136B01020,163273998336.0
122,DCM Shriram Ltd.,Diversified,DCMSHRIRAM.NS,EQ,INE499A01024,141190381568.0
123,DLF Ltd.,Realty,DLF.NS,EQ,INE271C01023,1239140270080.0
124,Dabur India Ltd.,Fast Moving Consumer Goods,DABUR.NS,EQ,INE016A01026,1001551364096.0
125,Dalmia Bharat Ltd.,Construction Materials,DALBHARAT.NS,EQ,INE00R701025,360407957504.0
126,Data Patterns (India) Ltd.,Capital Goods,DATAPATTNS.NS,EQ,INE0IX101010,115195437056.0
127,Deepak Fertilisers & Petrochemicals Corp. Ltd.,Chemicals,DEEPAKFERT.NS,EQ,INE501A01019,75143168000.0
128,Deepak Nitrite Ltd.,Chemicals,DEEPAKNTR.NS,EQ,INE288B01029,269962657792.0
129,Delhivery Ltd.,Services,DELHIVERY.NS,EQ,INE148O01028,297604907008.0
130,Delta Corp Ltd.,Consumer Services,DELTACORP.NS,EQ,INE124G01033,50434670592.0
131,Devyani International Ltd.,Consumer Services,DEVYANI.NS,EQ,INE872J01023,238749286400.0
132,Divi's Laboratories Ltd.,Healthcare,DIVISLAB.NS,EQ,INE361B01024,979129270272.0
133,Dixon Technologies (India) Ltd.,Consumer Durables,DIXON.NS,EQ,INE935N01020,248747212800.0
134,Dr. Lal Path Labs Ltd.,Healthcare,LALPATHLAB.NS,EQ,INE600L01024,189662445568.0
135,Dr. Reddy's Laboratories Ltd.,Healthcare,DRREDDY.NS,EQ,INE089A01023,880781492224.0
136,Dummy - Jio Financial Services Ltd.,Financial Services,DUMMYREL.NS,EQ,DUM002A01018,
137,E.I.D. Parry (India) Ltd.,Chemicals,EIDPARRY.NS,EQ,INE126A01031,83397951488.0
138,EIH Ltd.,Consumer Services,EIHOTEL.NS,EQ,INE230A01023,136642027520.0
139,EPL Ltd.,Capital Goods,EPL.NS,EQ,INE255A01020,71263125504.0
140,Easy Trip Planners Ltd.,Consumer Services,EASEMYTRIP.NS,EQ,INE07O001026,73322455040.0
141,Eicher Motors Ltd.,Automobile and Auto Components,EICHERMOT.NS,EQ,INE066A01021,907299913728.0
142,Elgi Equipments Ltd.,Capital Goods,ELGIEQUIP.NS,EQ,INE285A01027,177629102080.0
143,Emami Ltd.,Fast Moving Consumer Goods,EMAMILTD.NS,EQ,INE548C01032,183613718528.0
144,Endurance Technologies Ltd.,Automobile and Auto Components,ENDURANCE.NS,EQ,INE913H01037,237551697920.0
145,Engineers India Ltd.,Construction,ENGINERSIN.NS,EQ,INE510A01028,75935612928.0
146,Equitas Small Finance Bank Ltd.,Financial Services,EQUITASBNK.NS,EQ,INE063P01018,107665211392.0
147,Eris Lifesciences Ltd.,Healthcare,ERIS.NS,EQ,INE406M01024,101331271680.0
148,Escorts Kubota Ltd.,Capital Goods,ESCORTS.NS,EQ,INE042A01014,258974154752.0
149,Exide Industries Ltd.,Automobile and Auto Components,EXIDEIND.NS,EQ,INE302A01020,214030008320.0
150,FDC Ltd.,Healthcare,FDC.NS,EQ,INE258B01022,55621328896.0
151,FSN E-Commerce Ventures Ltd.,Consumer Services,NYKAA.NS,EQ,INE388Y01029,413377921024.0
152,Federal Bank Ltd.,Financial Services,FEDERALBNK.NS,EQ,INE171A01029,289079820288.0
153,Fertilisers and Chemicals Travancore Ltd.,Chemicals,FACT.NS,EQ,INE188A01015,315217805312.0
154,Fine Organic Industries Ltd.,Chemicals,FINEORG.NS,EQ,INE686Y01026,144336551936.0
155,Finolex Cables Ltd.,Capital Goods,FINCABLES.NS,EQ,INE235A01022,159052431360.0
156,Finolex Industries Ltd.,Capital Goods,FINPIPE.NS,EQ,INE183A01024,116897857536.0
157,Firstsource Solutions Ltd.,Services,FSL.NS,EQ,INE684F01012,96951451648.0
158,Five-Star Business Finance Ltd.,Financial Services,FIVESTAR.NS,EQ,INE128S01021,189972873216.0
159,Fortis Healthcare Ltd.,Healthcare,FORTIS.NS,EQ,INE061F01013,253061939200.0
160,G R Infraprojects Ltd.,Construction,GRINFRA.NS,EQ,INE201P01022,124806168576.0
161,GAIL (India) Ltd.,Oil Gas & Consumable Fuels,GAIL.NS,EQ,INE129A01019,733123641344.0
162,GMM Pfaudler Ltd.,Capital Goods,GMMPFAUDLR.NS,EQ,INE541A01023,65702699008.0
163,GMR Airports Infrastructure Ltd.,Services,GMRINFRA.NS,EQ,INE776C01039,266788995072.0
164,Galaxy Surfactants Ltd.,Chemicals,GALAXYSURF.NS,EQ,INE600K01018,94944403456.0
165,Garware Technical Fibres Ltd.,Textiles,GARFIBRES.NS,EQ,INE276A01018,63395401728.0
166,General Insurance Corporation of India,Financial Services,GICRE.NS,EQ,INE481Y01014,344666734592.0
167,Gland Pharma Ltd.,Healthcare,GLAND.NS,EQ,INE068V01023,203512791040.0
168,Glaxosmithkline Pharmaceuticals Ltd.,Healthcare,GLAXO.NS,EQ,INE159A01016,236888883200.0
169,Glenmark Pharmaceuticals Ltd.,Healthcare,GLENMARK.NS,EQ,INE935A01035,219201306624.0
170,Global Health Ltd.,Healthcare,MEDANTA.NS,EQ,INE474Q01031,190147657728.0
171,Go Fashion (India) Ltd.,Consumer Services,GOCOLORS.NS,EQ,INE0BJS01011,61921316864.0
172,Godfrey Phillips India Ltd.,Fast Moving Consumer Goods,GODFRYPHLP.NS,EQ,INE260B01028,84973543424.0
173,Godrej Agrovet Ltd.,Fast Moving Consumer Goods,GODREJAGRO.NS,EQ,INE850D01014,93645242368.0
174,Godrej Consumer Products Ltd.,Fast Moving Consumer Goods,GODREJCP.NS,EQ,INE102D01028,1080533778432.0
175,Godrej Industries Ltd.,Diversified,GODREJIND.NS,EQ,INE233A01035,161189789696.0
176,Godrej Properties Ltd.,Realty,GODREJPROP.NS,EQ,INE484J01027,452367089664.0
177,Granules India Ltd.,Healthcare,GRANULES.NS,EQ,INE101D01020,74996686848.0
178,Graphite India Ltd.,Capital Goods,GRAPHITE.NS,EQ,INE371A01025,79967141888.0
179,Grasim Industries Ltd.,Construction Materials,GRASIM.NS,EQ,INE047A01021,1188206346240.0
180,Great Eastern Shipping Co. Ltd.,Services,GESHIP.NS,EQ,INE017A01032,109138239488.0
181,Greenpanel Industries Ltd.,Consumer Durables,GREENPANEL.NS,EQ,INE08ZM01014,42925580288.0
182,Grindwell Norton Ltd.,Capital Goods,GRINDWELL.NS,EQ,INE536A01023,242105876480.0
183,Gujarat Alkalies & Chemicals Ltd.,Chemicals,GUJALKALI.NS,EQ,INE186A01019,49195376640.0
184,Gujarat Ambuja Exports Ltd.,Fast Moving Consumer Goods,GAEL.NS,EQ,INE036B01030,59237228544.0
185,Gujarat Fluorochemicals Ltd.,Chemicals,FLUOROCHEM.NS,EQ,INE09N301011,305465327616.0
186,Gujarat Gas Ltd.,Oil Gas & Consumable Fuels,GUJGASLTD.NS,EQ,INE844O01030,322854912000.0
187,Gujarat Narmada Valley Fertilizers and Chemicals Ltd.,Chemicals,GNFC.NS,EQ,INE113A01013,92140158976.0
188,Gujarat Pipavav Port Ltd.,Services,GPPL.NS,EQ,INE517F01014,59076366336.0
189,Gujarat State Fertilizers & Chemicals Ltd.,Chemicals,GSFC.NS,EQ,INE026A01025,66665373696.0
190,Gujarat State Petronet Ltd.,Oil Gas & Consumable Fuels,GSPL.NS,EQ,INE246F01010,160912982016.0
191,H.E.G. Ltd.,Capital Goods,HEG.NS,EQ,INE545A01016,62320152576.0
192,HCL Technologies Ltd.,Information Technology,HCLTECH.NS,EQ,INE860A01027,3026962874368.0
193,HDFC Asset Management Company Ltd.,Financial Services,HDFCAMC.NS,EQ,INE127D01025,533576417280.0
194,HDFC Bank Ltd.,Financial Services,HDFCBANK.NS,EQ,INE040A01034,12631082532864.0
195,HDFC Life Insurance Company Ltd.,Financial Services,HDFCLIFE.NS,EQ,INE795G01014,1391487877120.0
196,HFCL Ltd.,Telecommunication,HFCL.NS,EQ,INE548A01028,89209962496.0
197,HLE Glascoat Ltd.,Capital Goods,HLEGLAS.NS,EQ,INE461D01028,44317966336.0
198,Happiest Minds Technologies Ltd.,Information Technology,HAPPSTMNDS.NS,EQ,INE419U01012,142316224512.0
199,Havells India Ltd.,Consumer Durables,HAVELLS.NS,EQ,INE176B01034,816895361024.0
200,Hero MotoCorp Ltd.,Automobile and Auto Components,HEROMOTOCO.NS,EQ,INE158A01026,624892444672.0
201,Hikal Ltd.,Healthcare,HIKAL.NS,EQ,INE475B01022,37298618368.0
202,Hindalco Industries Ltd.,Metals & Mining,HINDALCO.NS,EQ,INE038A01020,969565077504.0
203,Hinduja Global Solutions Ltd.,Services,HGS.NS,EQ,INE170I01016,49599844352.0
204,Hindustan Aeronautics Ltd.,Capital Goods,HAL.NS,EQ,INE066F01012,1300414332928.0
205,Hindustan Copper Ltd.,Metals & Mining,HINDCOPPER.NS,EQ,INE531E01026,115994525696.0
206,Hindustan Petroleum Corporation Ltd.,Oil Gas & Consumable Fuels,HINDPETRO.NS,EQ,INE094A01015,427763728384.0
207,Hindustan Unilever Ltd.,Fast Moving Consumer Goods,HINDUNILVR.NS,EQ,INE030A01027,6122212163584.0
208,Hindustan Zinc Ltd.,Metals & Mining,HINDZINC.NS,EQ,INE267A01025,1344285573120.0
209,Hitachi Energy India Ltd.,Capital Goods,POWERINDIA.NS,EQ,INE07Y701011,178423005184.0
210,Home First Finance Company India Ltd.,Financial Services,HOMEFIRST.NS,EQ,INE481N01025,71623229440.0
211,Honeywell Automation India Ltd.,Capital Goods,HONAUT.NS,EQ,INE671A01010,376822497280.0
212,Housing & Urban Development Corporation Ltd.,Financial Services,HUDCO.NS,EQ,INE031A01017,120814665728.0
213,ICICI Bank Ltd.,Financial Services,ICICIBANK.NS,EQ,INE090A01021,6975570051072.0
214,ICICI Lombard General Insurance Company Ltd.,Financial Services,ICICIGI.NS,EQ,INE765G01017,692372373504.0
215,ICICI Prudential Life Insurance Company Ltd.,Financial Services,ICICIPRULI.NS,EQ,INE726G01019,792900337664.0
216,ICICI Securities Ltd.,Financial Services,ISEC.NS,EQ,INE763G01038,204507103232.0
217,IDBI Bank Ltd.,Financial Services,IDBI.NS,EQ,INE008A01015,618047078400.0
218,IDFC First Bank Ltd.,Financial Services,IDFCFIRSTB.NS,EQ,INE092T01019,549144690688.0
219,IDFC Ltd.,Financial Services,IDFC.NS,EQ,INE043D01016,181357740032.0
220,IFB Industries Ltd.,Consumer Durables,IFBIND.NS,EQ,INE559A01017,33849407488.0
221,IIFL Finance Ltd.,Financial Services,IIFL.NS,EQ,INE530B01024,216279056384.0
222,IRB Infrastructure Developers Ltd.,Construction,IRB.NS,EQ,INE821I01022,156406710272.0
223,ITC Ltd.,Fast Moving Consumer Goods,ITC.NS,EQ,INE154A01025,6112086065152.0
224,ITI Ltd.,Telecommunication,ITI.NS,EQ,INE248A01017,105505390592.0
225,India Cements Ltd.,Construction Materials,INDIACEM.NS,EQ,INE383A01012,64272633856.0
226,Indiabulls Housing Finance Ltd.,Financial Services,IBULHSGFIN.NS,EQ,INE148I01020,57181134848.0
227,Indiabulls Real Estate Ltd.,Realty,IBREALEST.NS,EQ,INE069I01010,36053999616.0
228,Indiamart Intermesh Ltd.,Consumer Services,INDIAMART.NS,EQ,INE933S01016,193009467392.0
229,Indian Bank,Financial Services,INDIANB.NS,EQ,INE562A01011,410247921664.0
230,Indian Energy Exchange Ltd.,Financial Services,IEX.NS,EQ,INE022Q01020,110213251072.0
231,Indian Hotels Co. Ltd.,Consumer Services,INDHOTEL.NS,EQ,INE053A01029,559282520064.0
232,Indian Oil Corporation Ltd.,Oil Gas & Consumable Fuels,IOC.NS,EQ,INE242A01010,1402941210624.0
233,Indian Overseas Bank,Financial Services,IOB.NS,EQ,INE565A01014,508665528320.0
234,Indian Railway Catering And Tourism Corporation Ltd.,Consumer Services,IRCTC.NS,EQ,INE335Y01020,498519867392.0
235,Indian Railway Finance Corporation Ltd.,Financial Services,IRFC.NS,EQ,INE053F01010,456744075264.0
236,Indigo Paints Ltd.,Consumer Durables,INDIGOPNTS.NS,EQ,INE09VQ01012,71377690624.0
237,Indraprastha Gas Ltd.,Oil Gas & Consumable Fuels,IGL.NS,EQ,INE203G01027,346358480896.0
238,Indus Towers Ltd.,Telecommunication,INDUSTOWER.NS,EQ,INE121J01017,455639990272.0
239,IndusInd Bank Ltd.,Financial Services,INDUSINDBK.NS,EQ,INE095A01012,1092135944192.0
240,Infibeam Avenues Ltd.,Financial Services,INFIBEAM.NS,EQ,INE483S01020,40059568128.0
241,Info Edge (India) Ltd.,Consumer Services,NAUKRI.NS,EQ,INE663F01024,600518230016.0
242,Infosys Ltd.,Information Technology,INFY.NS,EQ,INE009A01021,5712524083200.0
243,Ingersoll Rand (India) Ltd.,Capital Goods,INGERRAND.NS,EQ,INE177A01018,87698890752.0
244,Intellect Design Arena Ltd.,Information Technology,INTELLECT.NS,EQ,INE306R01017,86163800064.0
245,InterGlobe Aviation Ltd.,Services,INDIGO.NS,EQ,INE646L01027,1032745451520.0
246,Ipca Laboratories Ltd.,Healthcare,IPCALAB.NS,EQ,INE571A01038,201605890048.0
247,J.B. Chemicals & Pharmaceuticals Ltd.,Healthcare,JBCHEPHARM.NS,EQ,INE572A01028,194413182976.0
248,J.K. Cement Ltd.,Construction Materials,JKCEMENT.NS,EQ,INE823G01014,246137847808.0
249,JBM Auto Ltd.,Automobile and Auto Components,JBMA.NS,EQ,INE927D01044,166249365504.0
250,JK Lakshmi Cement Ltd.,Construction Materials,JKLAKSHMI.NS,EQ,INE786A01032,77885775872.0
251,JK Paper Ltd.,Forest Materials,JKPAPER.NS,EQ,INE789E01012,53751250944.0
252,JM Financial Ltd.,Financial Services,JMFINANCIL.NS,EQ,INE780C01023,70099271680.0
253,JSW Energy Ltd.,Power,JSWENERGY.NS,EQ,INE121E01018,473832292352.0
254,JSW Steel Ltd.,Metals & Mining,JSWSTEEL.NS,EQ,INE019A01038,1890908897280.0
255,Jamna Auto Industries Ltd.,Automobile and Auto Components,JAMNAAUTO.NS,EQ,INE039C01032,43532513280.0
256,Jindal Stainless Ltd.,Metals & Mining,JSL.NS,EQ,INE220G01021,306157092864.0
257,Jindal Steel & Power Ltd.,Metals & Mining,JINDALSTEL.NS,EQ,INE749A01030,640718471168.0
258,Jindal Worldwide Ltd.,Textiles,JINDWORLD.NS,EQ,INE247D01039,64266661888.0
259,Jubilant Foodworks Ltd.,Consumer Services,JUBLFOOD.NS,EQ,INE797F01020,308114620416.0
260,Jubilant Ingrevia Ltd.,Chemicals,JUBLINGREA.NS,EQ,INE0BY001018,64859222016.0
261,Jubilant Pharmova Ltd.,Healthcare,JUBLPHARMA.NS,EQ,INE700A01033,59443539968.0
262,Justdial Ltd.,Consumer Services,JUSTDIAL.NS,EQ,INE599M01018,67712364544.0
263,Jyothy Labs Ltd.,Fast Moving Consumer Goods,JYOTHYLAB.NS,EQ,INE668F01031,89195061248.0
264,K.P.R. Mill Ltd.,Textiles,KPRMILL.NS,EQ,INE930H01031,220076949504.0
265,KEI Industries Ltd.,Capital Goods,KEI.NS,EQ,INE878B01027,231681720320.0
266,KNR Constructions Ltd.,Construction,KNRCON.NS,EQ,INE634I01029,68143243264.0
267,KPIT Technologies Ltd.,Information Technology,KPITTECH.NS,EQ,INE04I401011,274403737600.0
268,KRBL Ltd.,Fast Moving Consumer Goods,KRBL.NS,EQ,INE001B01026,87094296576.0
269,KSB Ltd.,Capital Goods,KSB.NS,EQ,INE999A01015,78000996352.0
270,Kajaria Ceramics Ltd.,Consumer Durables,KAJARIACER.NS,EQ,INE217B01036,228509270016.0
271,Kalpataru Projects International Ltd.,Construction,KPIL.NS,EQ,INE220B01022,91773870080.0
272,Kalyan Jewellers India Ltd.,Consumer Durables,KALYANKJIL.NS,EQ,INE303R01014,179280199680.0
273,Kansai Nerolac Paints Ltd.,Consumer Durables,KANSAINER.NS,EQ,INE531A01024,261026725888.0
274,Karur Vysya Bank Ltd.,Financial Services,KARURVYSYA.NS,EQ,INE036D01028,103517880320.0
275,Kec International Ltd.,Capital Goods,KEC.NS,EQ,INE389H01022,159824101376.0
276,Kennametal India Ltd.,Capital Goods,KENNAMET.NS,EQ,INE717A01029,56899358720.0
277,Keystone Realtors Ltd.,Realty,RUSTOMJEE.NS,EQ,INE263M01029,67329777664.0
278,Kfin Technologies Ltd.,Financial Services,KFINTECH.NS,EQ,INE138Y01010,64498597888.0
279,Kotak Mahindra Bank Ltd.,Financial Services,KOTAKBANK.NS,EQ,INE237A01028,3915201118208.0
280,Krishna Institute of Medical Sciences Ltd.,Healthcare,KIMS.NS,EQ,INE967H01017,150688350208.0
281,L&T Finance Holdings Ltd.,Financial Services,L&TFH.NS,EQ,INE498L01015,321433403392.0
282,L&T Technology Services Ltd.,Information Technology,LTTS.NS,EQ,INE010V01017,427115347968.0
283,LIC Housing Finance Ltd.,Financial Services,LICHSGFIN.NS,EQ,INE115A01026,212241809408.0
284,LTIMindtree Ltd.,Information Technology,LTIM.NS,EQ,INE214T01019,1456612311040.0
285,Lakshmi Machine Works Ltd.,Capital Goods,LAXMIMACH.NS,EQ,INE269B01029,148569538560.0
286,Larsen & Toubro Ltd.,Construction,LT.NS,EQ,INE018A01030,3635155566592.0
287,Latent View Analytics Ltd.,Information Technology,LATENTVIEW.NS,EQ,INE0I7C01011,78097719296.0
288,Laurus Labs Ltd.,Healthcare,LAURUSLABS.NS,EQ,INE947Q01028,187907883008.0
289,Laxmi Organic Industries Ltd.,Chemicals,LXCHEM.NS,EQ,INE576O01020,67216658432.0
290,Lemon Tree Hotels Ltd.,Consumer Services,LEMONTREE.NS,EQ,INE970X01018,72609349632.0
291,Life Insurance Corporation of India,Financial Services,LICI.NS,EQ,INE0J1Y01017,4021118828544.0
292,Linde India Ltd.,Chemicals,LINDEINDIA.NS,EQ,INE473A01011,390260490240.0
293,Lupin Ltd.,Healthcare,LUPIN.NS,EQ,INE326A01037,426288414720.0
294,Lux Industries Ltd.,Textiles,LUXIND.NS,EQ,INE150G01020,44221939712.0
295,MMTC Ltd.,Services,MMTC.NS,EQ,INE123F01029,51225001984.0
296,MRF Ltd.,Automobile and Auto Components,MRF.NS,EQ,INE883A01011,433854808064.0
297,MTAR Technologies Ltd.,Capital Goods,MTARTECH.NS,EQ,INE864I01014,65038209024.0
298,Macrotech Developers Ltd.,Realty,LODHA.NS,EQ,INE670K01029,682013818880.0
299,Mahanagar Gas Ltd.,Oil Gas & Consumable Fuels,MGL.NS,EQ,INE002S01010,105223053312.0
300,Mahindra & Mahindra Financial Services Ltd.,Financial Services,M&MFIN.NS,EQ,INE774D01024,386164883456.0
301,Mahindra & Mahindra Ltd.,Automobile and Auto Components,M&M.NS,EQ,INE101A01026,1894517964800.0
302,Mahindra Holidays & Resorts India Ltd.,Consumer Services,MHRIL.NS,EQ,INE998I01010,72752291840.0
303,Mahindra Lifespace Developers Ltd.,Realty,MAHLIFE.NS,EQ,INE813A01018,74854088704.0
304,Mahindra Logistics Ltd.,Services,MAHLOG.NS,EQ,INE766P01016,29462806528.0
305,Manappuram Finance Ltd.,Financial Services,MANAPPURAM.NS,EQ,INE522D01027,109227278336.0
306,Mangalore Refinery & Petrochemicals Ltd.,Oil Gas & Consumable Fuels,MRPL.NS,EQ,INE103A01014,155043708928.0
307,Mankind Pharma Ltd.,Healthcare,MANKIND.NS,EQ,INE634S01028,760896880640.0
308,Marico Ltd.,Fast Moving Consumer Goods,MARICO.NS,EQ,INE196A01026,696145936384.0
309,Maruti Suzuki India Ltd.,Automobile and Auto Components,MARUTI.NS,EQ,INE585B01010,2951336689664.0
310,Mastek Ltd.,Information Technology,MASTEK.NS,EQ,INE759A01021,66074537984.0
311,Max Financial Services Ltd.,Financial Services,MFSL.NS,EQ,INE180A01020,278948478976.0
312,Max Healthcare Institute Ltd.,Healthcare,MAXHEALTH.NS,EQ,INE027H01010,585521627136.0
313,Mazagoan Dock Shipbuilders Ltd.,Capital Goods,MAZDOCK.NS,EQ,INE249Z01012,376112185344.0
314,Medplus Health Services Ltd.,Consumer Services,MEDPLUS.NS,EQ,INE804L01022,112333479936.0
315,Meghmani Finechem Ltd.,Chemicals,MFL.NS,EQ,INE071N01016,40048160768.0
316,Metro Brands Ltd.,Consumer Durables,METROBRAND.NS,EQ,INE317I01021,295226474496.0
317,Metropolis Healthcare Ltd.,Healthcare,METROPOLIS.NS,EQ,INE112L01020,71217258496.0
318,Motherson Sumi Wiring India Ltd.,Automobile and Auto Components,MSUMI.NS,EQ,INE0FS801015,255982256128.0
319,Motilal Oswal Financial Services Ltd.,Financial Services,MOTILALOFS.NS,EQ,INE338I01027,110156922880.0
320,MphasiS Ltd.,Information Technology,MPHASIS.NS,EQ,INE356A01018,439491100672.0
321,Multi Commodity Exchange of India Ltd.,Financial Services,MCX.NS,EQ,INE745G01035,82691350528.0
322,Muthoot Finance Ltd.,Financial Services,MUTHOOTFIN.NS,EQ,INE414G01012,516564484096.0
323,NATCO Pharma Ltd.,Healthcare,NATCOPHARM.NS,EQ,INE987B01026,137764388864.0
324,NBCC (India) Ltd.,Construction,NBCC.NS,EQ,INE095N01031,74520002560.0
325,NCC Ltd.,Construction,NCC.NS,EQ,INE868B01028,88696160256.0
326,NHPC Ltd.,Power,NHPC.NS,EQ,INE848E01016,472114987008.0
327,NLC India Ltd.,Power,NLCINDIA.NS,EQ,INE589A01014,163276865536.0
328,NMDC Ltd.,Metals & Mining,NMDC.NS,EQ,INE584A01023,325297700864.0
329,NMDC Steel Ltd.,Metals & Mining,NSLNISP.NS,EQ,INE0NNS01018,131291324416.0
330,NOCIL Ltd.,Chemicals,NOCIL.NS,EQ,INE163A01018,35403890688.0
331,NTPC Ltd.,Power,NTPC.NS,EQ,INE733E01010,1891820371968.0
332,Narayana Hrudayalaya Ltd.,Healthcare,NH.NS,EQ,INE410P01011,210502041600.0
333,National Aluminium Co. Ltd.,Metals & Mining,NATIONALUM.NS,EQ,INE139A01034,169061793792.0
334,Navin Fluorine International Ltd.,Chemicals,NAVINFLUOR.NS,EQ,INE048G01026,217508085760.0
335,Nazara Technologies Ltd.,Media Entertainment & Publication,NAZARA.NS,EQ,INE418L01021,43271245824.0
336,Nestle India Ltd.,Fast Moving Consumer Goods,NESTLEIND.NS,EQ,INE239A01016,2215878590464.0
337,Network18 Media & Investments Ltd.,Media Entertainment & Publication,NETWORK18.NS,EQ,INE870H01013,61664149504.0
338,Nippon Life India Asset Management Ltd.,Financial Services,NAM-INDIA.NS,EQ,INE298J01013,194766503936.0
339,Nuvoco Vistas Corporation Ltd.,Construction Materials,NUVOCO.NS,EQ,INE118D01016,125790347264.0
340,Oberoi Realty Ltd.,Realty,OBEROIRLTY.NS,EQ,INE093I01010,384323944448.0
341,Oil & Natural Gas Corporation Ltd.,Oil Gas & Consumable Fuels,ONGC.NS,EQ,INE213A01029,2145570127872.0
342,Oil India Ltd.,Oil Gas & Consumable Fuels,OIL.NS,EQ,INE274J01014,279831969792.0
343,Olectra Greentech Ltd.,Automobile and Auto Components,OLECTRA.NS,EQ,INE260D01016,104665210880.0
344,One 97 Communications Ltd.,Financial Services,PAYTM.NS,EQ,INE982J01020,535925325824.0
345,Oracle Financial Services Software Ltd.,Information Technology,OFSS.NS,EQ,INE881D01027,333559169024.0
346,Orient Electric Ltd.,Consumer Durables,ORIENTELEC.NS,EQ,INE142Z01019,50269032448.0
347,PB Fintech Ltd.,Financial Services,POLICYBZR.NS,EQ,INE417T01026,339522486272.0
348,PCBL Ltd.,Chemicals,PCBL.NS,EQ,INE602A01031,59337183232.0
349,PI Industries Ltd.,Chemicals,PIIND.NS,EQ,INE603J01030,557563641856.0
350,PNB Housing Finance Ltd.,Financial Services,PNBHOUSING.NS,EQ,INE572E01012,168755511296.0
351,PNC Infratech Ltd.,Construction,PNCINFRA.NS,EQ,INE195J01029,89955401728.0
352,PVR INOX Ltd.,Media Entertainment & Publication,PVRINOX.NS,EQ,INE191H01014,147422707712.0
353,Page Industries Ltd.,Textiles,PAGEIND.NS,EQ,INE761H01022,409158582272.0
354,Patanjali Foods Ltd.,Fast Moving Consumer Goods,PATANJALI.NS,BE,INE619A01035,481856520192.0
355,Persistent Systems Ltd.,Information Technology,PERSISTENT.NS,EQ,INE262H01013,365363003392.0
356,Petronet LNG Ltd.,Oil Gas & Consumable Fuels,PETRONET.NS,EQ,INE347G01014,335325003776.0
357,Pfizer Ltd.,Healthcare,PFIZER.NS,EQ,INE182A01018,177851039744.0
358,Phoenix Mills Ltd.,Realty,PHOENIXLTD.NS,EQ,INE211B01039,293274025984.0
359,Pidilite Industries Ltd.,Chemicals,PIDILITIND.NS,EQ,INE318A01026,1363404259328.0
360,Piramal Enterprises Ltd.,Financial Services,PEL.NS,EQ,INE140A01024,237482606592.0
361,Piramal Pharma Ltd.,Healthcare,PPLPHARMA.NS,EQ,INE0DK501011,124595134464.0
362,Poly Medicure Ltd.,Healthcare,POLYMED.NS,EQ,INE205C01021,108351299584.0
363,Polycab India Ltd.,Capital Goods,POLYCAB.NS,EQ,INE455K01017,687620882432.0
364,Polyplex Corporation Ltd.,Capital Goods,POLYPLEX.NS,EQ,INE633B01018,40370753536.0
365,Poonawalla Fincorp Ltd.,Financial Services,POONAWALLA.NS,EQ,INE511C01022,288244170752.0
366,Power Finance Corporation Ltd.,Financial Services,PFC.NS,EQ,INE134E01011,599298146304.0
367,Power Grid Corporation of India Ltd.,Power,POWERGRID.NS,EQ,INE752E01010,1703063715840.0
368,Praj Industries Ltd.,Capital Goods,PRAJIND.NS,EQ,INE074A01025,76608315392.0
369,Prestige Estates Projects Ltd.,Realty,PRESTIGE.NS,EQ,INE811K01011,217427574784.0
370,Prince Pipes and Fittings Ltd.,Capital Goods,PRINCEPIPE.NS,EQ,INE689W01016,69835857920.0
371,Prism Johnson Ltd.,Construction Materials,PRSMJOHNSN.NS,EQ,INE010A01011,61485056000.0
372,Procter & Gamble Hygiene & Health Care Ltd.,Fast Moving Consumer Goods,PGHH.NS,EQ,INE179A01014,510459117568.0
373,Punjab National Bank,Financial Services,PNB.NS,EQ,INE160A01022,689288577024.0
374,Quess Corp Ltd.,Services,QUESS.NS,EQ,INE615P01015,64048857088.0
375,RBL Bank Ltd.,Financial Services,RBLBANK.NS,EQ,INE976G01028,132892860416.0
376,REC Ltd.,Financial Services,RECLTD.NS,EQ,INE020B01018,426186702848.0
377,RHI MAGNESITA INDIA LTD.,Capital Goods,RHIM.NS,EQ,INE743M01012,124477612032.0
378,RITES Ltd.,Construction,RITES.NS,EQ,INE320J01015,109265321984.0
379,Radico Khaitan Ltd,Fast Moving Consumer Goods,RADICO.NS,EQ,INE944F01028,187353137152.0
380,Rail Vikas Nigam Ltd.,Construction,RVNL.NS,EQ,INE415G01027,284917989376.0
381,Rain Industries Ltd,Chemicals,RAIN.NS,EQ,INE855B01025,55497089024.0
382,Rainbow Childrens Medicare Ltd.,Healthcare,RAINBOW.NS,EQ,INE961O01016,112235175936.0
383,Rajesh Exports Ltd.,Consumer Durables,RAJESHEXPO.NS,EQ,INE343B01030,151926030336.0
384,Rallis India Ltd.,Chemicals,RALLIS.NS,EQ,INE613A01020,43478409216.0
385,Rashtriya Chemicals & Fertilizers Ltd.,Chemicals,RCF.NS,EQ,INE027A01015,62589001728.0
386,Ratnamani Metals & Tubes Ltd.,Capital Goods,RATNAMANI.NS,EQ,INE703B01027,182824468480.0
387,RattanIndia Enterprises Ltd.,Services,RTNINDIA.NS,EQ,INE834M01019,55247138816.0
388,Raymond Ltd.,Textiles,RAYMOND.NS,EQ,INE301A01014,119879262208.0
389,Redington Ltd.,Services,REDINGTON.NS,EQ,INE891D01026,141553926144.0
390,Relaxo Footwears Ltd.,Consumer Durables,RELAXO.NS,EQ,INE131B01039,229447090176.0
391,Reliance Industries Ltd.,Oil Gas & Consumable Fuels,RELIANCE.NS,EQ,INE002A01018,17323338498048.0
392,Restaurant Brands Asia Ltd.,Consumer Services,RBA.NS,EQ,INE07T201019,55616868352.0
393,Rossari Biotech Ltd.,Chemicals,ROSSARI.NS,EQ,INE02A801020,48170053632.0
394,Route Mobile Ltd.,Telecommunication,ROUTE.NS,EQ,INE450U01017,93065347072.0
395,SBI Cards and Payment Services Ltd.,Financial Services,SBICARD.NS,EQ,INE018E01016,801235337216.0
396,SBI Life Insurance Company Ltd.,Financial Services,SBILIFE.NS,EQ,INE123W01016,1292442402816.0
397,SJVN Ltd.,Power,SJVN.NS,EQ,INE002L01015,197079465984.0
398,SKF India Ltd.,Capital Goods,SKFINDIA.NS,EQ,INE640A01023,259789651968.0
399,SRF Ltd.,Chemicals,SRF.NS,EQ,INE647A01010,655914369024.0
400,Samvardhana Motherson International Ltd.,Automobile and Auto Components,MOTHERSON.NS,EQ,INE775A01035,660394409984.0
401,Sanofi India Ltd.,Healthcare,SANOFI.NS,EQ,INE058A01010,159207079936.0
402,Sapphire Foods India Ltd.,Consumer Services,SAPPHIRE.NS,EQ,INE806T01012,90805084160.0
403,Schaeffler India Ltd.,Automobile and Auto Components,SCHAEFFLER.NS,EQ,INE513A01022,483362308096.0
404,Sharda Cropchem Ltd.,Chemicals,SHARDACROP.NS,EQ,INE221J01015,46322962432.0
405,Shoppers Stop Ltd.,Consumer Services,SHOPERSTOP.NS,EQ,INE498B01024,85761105920.0
406,Shree Cement Ltd.,Construction Materials,SHREECEM.NS,EQ,INE070A01015,833058242560.0
407,Shree Renuka Sugars Ltd.,Fast Moving Consumer Goods,RENUKA.NS,EQ,INE087H01022,99400482816.0
408,Shriram Finance Ltd.,Financial Services,SHRIRAMFIN.NS,EQ,INE721A01013,686863810560.0
409,Shyam Metalics and Energy Ltd.,Metals & Mining,SHYAMMETL.NS,EQ,INE810G01011,98627067904.0
410,Siemens Ltd.,Capital Goods,SIEMENS.NS,EQ,INE003A01024,1286999900160.0
411,Sobha Ltd.,Realty,SOBHA.NS,EQ,INE671H01015,53118676992.0
412,Solar Industries India Ltd.,Chemicals,SOLARINDS.NS,EQ,INE343H01029,341686059008.0
413,Sona BLW Precision Forgings Ltd.,Automobile and Auto Components,SONACOMS.NS,EQ,INE073K01018,335188230144.0
414,Sonata Software Ltd.,Information Technology,SONATSOFTW.NS,EQ,INE269A01021,146822905856.0
415,Star Health and Allied Insurance Company Ltd.,Financial Services,STARHEALTH.NS,EQ,INE575P01011,375146217472.0
416,State Bank of India,Financial Services,SBIN.NS,EQ,INE062A01020,5489527095296.0
417,Steel Authority of India Ltd.,Metals & Mining,SAIL.NS,EQ,INE114A01011,372367294464.0
418,Sterling and Wilson Renewable Energy Ltd.,Construction,SWSOLAR.NS,EQ,INE00M201021,69247426560.0
419,Sterlite Technologies Ltd.,Telecommunication,STLTECH.NS,EQ,INE089C01029,60598145024.0
420,Sumitomo Chemical India Ltd.,Chemicals,SUMICHEM.NS,EQ,INE258G01013,206721220608.0
421,Sun Pharma Advanced Research Company Ltd.,Healthcare,SPARC.NS,EQ,INE232I01014,74591379456.0
422,Sun Pharmaceutical Industries Ltd.,Healthcare,SUNPHARMA.NS,EQ,INE044A01036,2632425144320.0
423,Sun TV Network Ltd.,Media Entertainment & Publication,SUNTV.NS,EQ,INE424H01027,207584264192.0
424,Sundaram Finance Ltd.,Financial Services,SUNDARMFIN.NS,EQ,INE660A01013,290220310528.0
425,Sundram Fasteners Ltd.,Automobile and Auto Components,SUNDRMFAST.NS,EQ,INE387A01021,262386466816.0
426,Sunteck Realty Ltd.,Realty,SUNTECK.NS,EQ,INE805D01034,55224250368.0
427,Suprajit Engineering Ltd.,Automobile and Auto Components,SUPRAJIT.NS,EQ,INE399C01030,59329077248.0
428,Supreme Industries Ltd.,Capital Goods,SUPREMEIND.NS,EQ,INE195A01028,461061652480.0
429,Suven Pharmaceuticals Ltd.,Healthcare,SUVENPHAR.NS,EQ,INE03QK01018,123069448192.0
430,Suzlon Energy Ltd.,Capital Goods,SUZLON.NS,EQ,INE040H01021,243530006528.0
431,Swan Energy Ltd.,Realty,SWANENERGY.NS,EQ,INE665A01038,60729192448.0
432,Syngene International Ltd.,Healthcare,SYNGENE.NS,EQ,INE398R01022,312586764288.0
433,TCI Express Ltd.,Services,TCIEXP.NS,EQ,INE586V01016,57523703808.0
434,TCNS Clothing Co. Ltd.,Textiles,TCNSBRANDS.NS,EQ,INE778U01029,26246406144.0
435,TTK Prestige Ltd.,Consumer Durables,TTKPRESTIG.NS,EQ,INE690A01028,108721889280.0
436,TV18 Broadcast Ltd.,Media Entertainment & Publication,TV18BRDCST.NS,EQ,INE886H01027,69774458880.0
437,TVS Motor Company Ltd.,Automobile and Auto Components,TVSMOTOR.NS,EQ,INE494B01023,638018060288.0
438,Tamilnad Mercantile Bank Ltd.,Financial Services,TMB.NS,EQ,INE668A01016,68053094400.0
439,Tanla Platforms Ltd.,Information Technology,TANLA.NS,EQ,INE483C01032,170163830784.0
440,Tata Chemicals Ltd.,Chemicals,TATACHEM.NS,EQ,INE092A01019,252723838976.0
441,Tata Communications Ltd.,Telecommunication,TATACOMM.NS,EQ,INE151A01013,453264015360.0
442,Tata Consultancy Services Ltd.,Information Technology,TCS.NS,EQ,INE467B01029,12324777754624.0
443,Tata Consumer Products Ltd.,Fast Moving Consumer Goods,TATACONSUM.NS,EQ,INE192A01025,797369106432.0
444,Tata Elxsi Ltd.,Information Technology,TATAELXSI.NS,EQ,INE670A01012,455882670080.0
445,Tata Investment Corporation Ltd.,Financial Services,TATAINVEST.NS,EQ,INE672A01018,121027215360.0
446,Tata Motors Ltd DVR,Automobile and Auto Components,TATAMTRDVR.NS,EQ,IN9155A01020,2278094012416.0
447,Tata Motors Ltd.,Automobile and Auto Components,TATAMOTORS.NS,EQ,INE155A01022,2255466004480.0
448,Tata Power Co. Ltd.,Power,TATAPOWER.NS,EQ,INE245A01021,694666919936.0
449,Tata Steel Ltd.,Metals & Mining,TATASTEEL.NS,EQ,INE081A01020,1436651880448.0
450,Tata Teleservices (Maharashtra) Ltd.,Telecommunication,TTML.NS,EQ,INE517B01013,161477214208.0
451,Teamlease Services Ltd.,Services,TEAMLEASE.NS,EQ,INE985S01024,41160941568.0
452,Tech Mahindra Ltd.,Information Technology,TECHM.NS,EQ,INE669C01036,1164920094720.0
453,Tejas Networks Ltd.,Telecommunication,TEJASNET.NS,EQ,INE010J01012,143370485760.0
454,The New India Assurance Company Ltd.,Financial Services,NIACL.NS,EQ,INE470Y01017,196029595648.0
455,The Ramco Cements Ltd.,Construction Materials,RAMCOCEM.NS,EQ,INE331A01037,209673699328.0
456,Thermax Ltd.,Capital Goods,THERMAX.NS,EQ,INE152A01029,278130884608.0
457,Timken India Ltd.,Capital Goods,TIMKEN.NS,EQ,INE325A01013,243622100992.0
458,Titan Company Ltd.,Consumer Durables,TITAN.NS,EQ,INE280A01028,2642317410304.0
459,Torrent Pharmaceuticals Ltd.,Healthcare,TORNTPHARM.NS,EQ,INE685A01028,656160260096.0
460,Torrent Power Ltd.,Power,TORNTPOWER.NS,EQ,INE813H01021,294762184704.0
461,Transport Corporation of India Ltd.,Services,TCI.NS,EQ,INE688A01022,58597208064.0
462,Trent Ltd.,Consumer Services,TRENT.NS,EQ,INE849A01020,609269186560.0
463,Trident Ltd.,Textiles,TRIDENT.NS,EQ,INE064C01022,169440673792.0
464,Triveni Engineering & Industries Ltd.,Fast Moving Consumer Goods,TRIVENI.NS,EQ,INE256C01024,66625269760.0
465,Triveni Turbine Ltd.,Capital Goods,TRITURBINE.NS,EQ,INE152M01016,129105739776.0
466,Tube Investments of India Ltd.,Automobile and Auto Components,TIINDIA.NS,EQ,INE974X01010,622268186624.0
467,UCO Bank,Financial Services,UCOBANK.NS,EQ,INE691A01018,347089403904.0
468,UFLEX Ltd.,Capital Goods,UFLEX.NS,EQ,INE516A01017,31864182784.0
469,UNO Minda Ltd.,Automobile and Auto Components,UNOMINDA.NS,EQ,INE405E01023,326617825280.0
470,UPL Ltd.,Chemicals,UPL.NS,EQ,INE628A01036,476335833088.0
471,UTI Asset Management Company Ltd.,Financial Services,UTIAMC.NS,EQ,INE094J01016,103504658432.0
472,UltraTech Cement Ltd.,Construction Materials,ULTRACEMCO.NS,EQ,INE481G01011,2343899496448.0
473,Union Bank of India,Financial Services,UNIONBANK.NS,EQ,INE692A01016,617519644672.0
474,United Breweries Ltd.,Fast Moving Consumer Goods,UBL.NS,EQ,INE686F01025,402345066496.0
475,United Spirits Ltd.,Fast Moving Consumer Goods,MCDOWELL-N.NS,EQ,INE854D01024,737782661120.0
476,V-Guard Industries Ltd.,Consumer Durables,VGUARD.NS,EQ,INE951I01027,123035238400.0
477,V-Mart Retail Ltd.,Consumer Services,VMART.NS,EQ,INE665J01013,43996774400.0
478,V.I.P. Industries Ltd.,Consumer Durables,VIPIND.NS,EQ,INE054A01027,84234985472.0
479,Vaibhav Global Ltd.,Consumer Durables,VAIBHAVGBL.NS,EQ,INE884A01027,59144818688.0
480,Vardhman Textiles Ltd.,Textiles,VTL.NS,EQ,INE825A01020,106043195392.0
481,Varroc Engineering Ltd.,Automobile and Auto Components,VARROC.NS,EQ,INE665L01035,51252064256.0
482,Varun Beverages Ltd.,Fast Moving Consumer Goods,VBL.NS,EQ,INE200M01021,1039571812352.0
483,Vedant Fashions Ltd.,Consumer Services,MANYAVAR.NS,EQ,INE825V01034,311259299840.0
484,Vedanta Ltd.,Metals & Mining,VEDL.NS,EQ,INE205A01025,1031892893696.0
485,Vijaya Diagnostic Centre Ltd.,Healthcare,VIJAYA.NS,EQ,INE043W01024,46161854464.0
486,Vinati Organics Ltd.,Chemicals,VINATIORGA.NS,EQ,INE410B01037,186816626688.0
487,Vodafone Idea Ltd.,Telecommunication,IDEA.NS,EQ,INE669E01016,383643648000.0
488,Voltas Ltd.,Consumer Durables,VOLTAS.NS,EQ,INE226A01021,252911943680.0
489,Welspun Corp Ltd.,Capital Goods,WELCORP.NS,EQ,INE191B01025,83682607104.0
490,Welspun India Ltd.,Textiles,WELSPUNIND.NS,EQ,INE192B01031,97180901376.0
491,Westlife Foodworld Ltd.,Consumer Services,WESTLIFE.NS,EQ,INE274F01020,138938974208.0
492,Whirlpool of India Ltd.,Consumer Durables,WHIRLPOOL.NS,EQ,INE716A01013,183672045568.0
493,Wipro Ltd.,Information Technology,WIPRO.NS,EQ,INE075A01022,2117544181760.0
494,Yes Bank Ltd.,Financial Services,YESBANK.NS,EQ,INE528G01035,519637794816.0
495,ZF Commercial Vehicle Control Systems India Ltd.,Automobile and Auto Components,ZFCVINDIA.NS,EQ,INE342J01019,232289566720.0
496,Zee Entertainment Enterprises Ltd.,Media Entertainment & Publication,ZEEL.NS,EQ,INE256A01028,211938508800.0
497,Zensar Technolgies Ltd.,Information Technology,ZENSARTECH.NS,EQ,INE520A01027,109903298560.0
498,Zomato Ltd.,Consumer Services,ZOMATO.NS,EQ,INE758T01015,689263869952.0
499,Zydus Lifesciences Ltd.,Healthcare,ZYDUSLIFE.NS,EQ,INE010B01027,620681035776.0
500,Zydus Wellness Ltd.,Fast Moving Consumer Goods,ZYDUSWELL.NS,EQ,INE768C01010,94279475200.0
501,eClerx Services Ltd.,Services,ECLERX.NS,EQ,INE738I01010,86989709312.0
